embedding,target,split,split_id,model,model_seed,n_train,n_test,spearman,top5_precision,top5_enrich_diff
prott5,dms_enrichment_mean,within_position,within_seed0,xgb,0,6902,1726,0.8471610888029756,0.22988505747126436,0.41348618268966675
prott5,dms_enrichment_mean,within_position,within_seed0,xgb,1,6902,1726,0.8454951163858061,0.25287356321839083,0.4139557480812073
prott5,dms_enrichment_mean,within_position,within_seed0,xgb,2,6902,1726,0.8469027468913166,0.25287356321839083,0.40464890003204346
prott5,dms_enrichment_mean,within_position,within_seed0,xgb,3,6902,1726,0.8452298011538945,0.2988505747126437,0.4162924885749817
prott5,dms_enrichment_mean,within_position,within_seed0,xgb,4,6902,1726,0.8433495298303584,0.22988505747126436,0.4152483344078064
prott5,dms_enrichment_mean,within_position,within_seed0,tabpfn,0,6902,1726,0.8915105094418273,0.3333333333333333,0.4292212724685669
prott5,dms_enrichment_mean,within_position,within_seed1,xgb,0,6902,1726,0.847429626978418,0.22988505747126436,0.3961787819862366
prott5,dms_enrichment_mean,within_position,within_seed1,xgb,1,6902,1726,0.8436893485012774,0.2413793103448276,0.40785735845565796
prott5,dms_enrichment_mean,within_position,within_seed1,xgb,2,6902,1726,0.8485078054423814,0.26436781609195403,0.40278005599975586
prott5,dms_enrichment_mean,within_position,within_seed1,xgb,3,6902,1726,0.8451364104723145,0.25287356321839083,0.40368443727493286
prott5,dms_enrichment_mean,within_position,within_seed1,xgb,4,6902,1726,0.8453186223036621,0.27586206896551724,0.40664684772491455
prott5,dms_enrichment_mean,within_position,within_seed1,tabpfn,0,6902,1726,0.8965025199083422,0.41379310344827586,0.42835360765457153
prott5,dms_enrichment_mean,within_position,within_seed2,xgb,0,6902,1726,0.8468506523616361,0.26436781609195403,0.432320773601532
prott5,dms_enrichment_mean,within_position,within_seed2,xgb,1,6902,1726,0.8450034086245187,0.2988505747126437,0.4307712912559509
prott5,dms_enrichment_mean,within_position,within_seed2,xgb,2,6902,1726,0.8451180226576315,0.3103448275862069,0.43083083629608154
prott5,dms_enrichment_mean,within_position,within_seed2,xgb,3,6902,1726,0.8445489339125336,0.2413793103448276,0.43122923374176025
prott5,dms_enrichment_mean,within_position,within_seed2,xgb,4,6902,1726,0.843446423508491,0.3448275862068966,0.4291929602622986
prott5,dms_enrichment_mean,within_position,within_seed2,tabpfn,0,6902,1726,0.8956741060879204,0.39080459770114945,0.4498854875564575
prott5,dms_enrichment_mean,pos_holdout,pos_holdout_fold1,xgb,0,6903,1725,0.7246271484277058,0.25287356321839083,0.40749144554138184
prott5,dms_enrichment_mean,pos_holdout,pos_holdout_fold1,xgb,1,6903,1725,0.7232597853936432,0.26436781609195403,0.3992275595664978
prott5,dms_enrichment_mean,pos_holdout,pos_holdout_fold1,xgb,2,6903,1725,0.7255715010276544,0.28735632183908044,0.403293251991272
prott5,dms_enrichment_mean,pos_holdout,pos_holdout_fold1,xgb,3,6903,1725,0.7331634653700404,0.2413793103448276,0.3922191262245178
prott5,dms_enrichment_mean,pos_holdout,pos_holdout_fold1,xgb,4,6903,1725,0.7261668497387294,0.21839080459770116,0.408316969871521
prott5,dms_enrichment_mean,pos_holdout,pos_holdout_fold1,tabpfn,0,6903,1725,0.7288518921102585,0.3103448275862069,0.42811524868011475
prott5,dms_enrichment_mean,pos_holdout,pos_holdout_fold2,xgb,0,6902,1726,0.7015941930772469,0.25287356321839083,0.39066082239151
prott5,dms_enrichment_mean,pos_holdout,pos_holdout_fold2,xgb,1,6902,1726,0.6980726220077976,0.26436781609195403,0.35633301734924316
prott5,dms_enrichment_mean,pos_holdout,pos_holdout_fold2,xgb,2,6902,1726,0.7000383748488115,0.22988505747126436,0.388649046421051
prott5,dms_enrichment_mean,pos_holdout,pos_holdout_fold2,xgb,3,6902,1726,0.6984256241747371,0.26436781609195403,0.401178777217865
prott5,dms_enrichment_mean,pos_holdout,pos_holdout_fold2,xgb,4,6902,1726,0.6952624751095,0.28735632183908044,0.373476505279541
prott5,dms_enrichment_mean,pos_holdout,pos_holdout_fold2,tabpfn,0,6902,1726,0.7320230344777652,0.25287356321839083,0.39557766914367676
prott5,dms_enrichment_mean,pos_holdout,pos_holdout_fold3,xgb,0,6902,1726,0.684899690987745,0.19540229885057472,0.3661919832229614
prott5,dms_enrichment_mean,pos_holdout,pos_holdout_fold3,xgb,1,6902,1726,0.6901177182458308,0.1724137931034483,0.37303465604782104
prott5,dms_enrichment_mean,pos_holdout,pos_holdout_fold3,xgb,2,6902,1726,0.6923725430282464,0.22988505747126436,0.37439829111099243
prott5,dms_enrichment_mean,pos_holdout,pos_holdout_fold3,xgb,3,6902,1726,0.6873444278477374,0.21839080459770116,0.3997877836227417
prott5,dms_enrichment_mean,pos_holdout,pos_holdout_fold3,xgb,4,6902,1726,0.6824246990662537,0.2413793103448276,0.4026010036468506
prott5,dms_enrichment_mean,pos_holdout,pos_holdout_fold3,tabpfn,0,6902,1726,0.7275840143751218,0.21839080459770116,0.39219099283218384
prott5,dms_enrichment_mean,pos_holdout,pos_holdout_fold4,xgb,0,6902,1726,0.6891361300692259,0.22988505747126436,0.3192989230155945
prott5,dms_enrichment_mean,pos_holdout,pos_holdout_fold4,xgb,1,6902,1726,0.6910029355099444,0.25287356321839083,0.3327506184577942
prott5,dms_enrichment_mean,pos_holdout,pos_holdout_fold4,xgb,2,6902,1726,0.6861463369144315,0.21839080459770116,0.3190574049949646
prott5,dms_enrichment_mean,pos_holdout,pos_holdout_fold4,xgb,3,6902,1726,0.682232734388408,0.27586206896551724,0.3167753219604492
prott5,dms_enrichment_mean,pos_holdout,pos_holdout_fold4,xgb,4,6902,1726,0.6858710875681168,0.22988505747126436,0.32394522428512573
prott5,dms_enrichment_mean,pos_holdout,pos_holdout_fold4,tabpfn,0,6902,1726,0.6951226438242197,0.22988505747126436,0.33487629890441895
prott5,dms_enrichment_mean,pos_holdout,pos_holdout_fold5,xgb,0,6903,1725,0.7036334417660763,0.13793103448275862,0.3790220618247986
prott5,dms_enrichment_mean,pos_holdout,pos_holdout_fold5,xgb,1,6903,1725,0.7018541332770072,0.16091954022988506,0.38472282886505127
prott5,dms_enrichment_mean,pos_holdout,pos_holdout_fold5,xgb,2,6903,1725,0.7033952139114351,0.13793103448275862,0.39048629999160767
prott5,dms_enrichment_mean,pos_holdout,pos_holdout_fold5,xgb,3,6903,1725,0.7069268966778061,0.16091954022988506,0.38188159465789795
prott5,dms_enrichment_mean,pos_holdout,pos_holdout_fold5,xgb,4,6903,1725,0.7118481519228879,0.1839080459770115,0.38757771253585815
prott5,dms_enrichment_mean,pos_holdout,pos_holdout_fold5,tabpfn,0,6903,1725,0.7116916501488793,0.1724137931034483,0.4018510580062866
prott5,dms_KmCO2_logfit,within_position,within_seed0,xgb,0,6902,1726,0.4398980280270647,0.3448275862068966,0.16896595060825348
prott5,dms_KmCO2_logfit,within_position,within_seed0,xgb,1,6902,1726,0.43649823801432147,0.3448275862068966,0.151834174990654
prott5,dms_KmCO2_logfit,within_position,within_seed0,xgb,2,6902,1726,0.44140087422634994,0.3448275862068966,0.1632140427827835
prott5,dms_KmCO2_logfit,within_position,within_seed0,xgb,3,6902,1726,0.44274642631193833,0.3333333333333333,0.15968744456768036
prott5,dms_KmCO2_logfit,within_position,within_seed0,xgb,4,6902,1726,0.4516924610572416,0.3563218390804598,0.16049058735370636
prott5,dms_KmCO2_logfit,within_position,within_seed1,xgb,0,6902,1726,0.4848087029277181,0.3103448275862069,0.17445722222328186
prott5,dms_KmCO2_logfit,within_position,within_seed1,xgb,1,6902,1726,0.47936253514264315,0.3103448275862069,0.16867181658744812
prott5,dms_KmCO2_logfit,within_position,within_seed1,xgb,2,6902,1726,0.4886317417404707,0.26436781609195403,0.16217359900474548
prott5,dms_KmCO2_logfit,within_position,within_seed1,xgb,3,6902,1726,0.5018268202870293,0.28735632183908044,0.16449934244155884
prott5,dms_KmCO2_logfit,within_position,within_seed1,xgb,4,6902,1726,0.4813321424942054,0.3103448275862069,0.15898925065994263
prott5,dms_KmCO2_logfit,within_position,within_seed2,xgb,0,6902,1726,0.4723383899337509,0.2413793103448276,0.11324882507324219
prott5,dms_KmCO2_logfit,within_position,within_seed2,xgb,1,6902,1726,0.46006997183104187,0.25287356321839083,0.12138503789901733
prott5,dms_KmCO2_logfit,within_position,within_seed2,xgb,2,6902,1726,0.4538447105408428,0.2413793103448276,0.11443343758583069
prott5,dms_KmCO2_logfit,within_position,within_seed2,xgb,3,6902,1726,0.4819295641561071,0.22988505747126436,0.11406496167182922
prott5,dms_KmCO2_logfit,within_position,within_seed2,xgb,4,6902,1726,0.4853545860624406,0.25287356321839083,0.1208541989326477
prott5,dms_KmCO2_logfit,pos_holdout,pos_holdout_fold1,xgb,0,6903,1725,0.29668435200847604,0.26436781609195403,0.13114245235919952
prott5,dms_KmCO2_logfit,pos_holdout,pos_holdout_fold1,xgb,1,6903,1725,0.2754640809574001,0.2413793103448276,0.1241176575422287
prott5,dms_KmCO2_logfit,pos_holdout,pos_holdout_fold1,xgb,2,6903,1725,0.31296073755929193,0.20689655172413793,0.10268886387348175
prott5,dms_KmCO2_logfit,pos_holdout,pos_holdout_fold1,xgb,3,6903,1725,0.30542572758432907,0.20689655172413793,0.10490648448467255
prott5,dms_KmCO2_logfit,pos_holdout,pos_holdout_fold1,xgb,4,6903,1725,0.30386461169299206,0.22988505747126436,0.11403922736644745
prott5,dms_KmCO2_logfit,pos_holdout,pos_holdout_fold2,xgb,0,6902,1726,0.24106227261918978,0.14942528735632185,0.0569021999835968
prott5,dms_KmCO2_logfit,pos_holdout,pos_holdout_fold2,xgb,1,6902,1726,0.2658273918669787,0.12643678160919541,0.05320173501968384
prott5,dms_KmCO2_logfit,pos_holdout,pos_holdout_fold2,xgb,2,6902,1726,0.24810276592325328,0.1724137931034483,0.057540178298950195
prott5,dms_KmCO2_logfit,pos_holdout,pos_holdout_fold2,xgb,3,6902,1726,0.26387233222876727,0.12643678160919541,0.05134999752044678
prott5,dms_KmCO2_logfit,pos_holdout,pos_holdout_fold2,xgb,4,6902,1726,0.23407517142380974,0.10344827586206896,0.04974755644798279
prott5,dms_KmCO2_logfit,pos_holdout,pos_holdout_fold3,xgb,0,6902,1726,0.17692391462719206,0.12643678160919541,0.04589885473251343
prott5,dms_KmCO2_logfit,pos_holdout,pos_holdout_fold3,xgb,1,6902,1726,0.19997755375027026,0.11494252873563218,0.05876731872558594
prott5,dms_KmCO2_logfit,pos_holdout,pos_holdout_fold3,xgb,2,6902,1726,0.18271945195490574,0.12643678160919541,0.037674084305763245
prott5,dms_KmCO2_logfit,pos_holdout,pos_holdout_fold3,xgb,3,6902,1726,0.2123065486124388,0.09195402298850575,0.027337700128555298
prott5,dms_KmCO2_logfit,pos_holdout,pos_holdout_fold3,xgb,4,6902,1726,0.19187874707661842,0.08045977011494253,0.02732875943183899
prott5,dms_KmCO2_logfit,pos_holdout,pos_holdout_fold4,xgb,0,6902,1726,0.2809620101365775,0.20689655172413793,0.09478193521499634
prott5,dms_KmCO2_logfit,pos_holdout,pos_holdout_fold4,xgb,1,6902,1726,0.2655975732005361,0.21839080459770116,0.09287774562835693
prott5,dms_KmCO2_logfit,pos_holdout,pos_holdout_fold4,xgb,2,6902,1726,0.2896480063156624,0.1724137931034483,0.09231355786323547
prott5,dms_KmCO2_logfit,pos_holdout,pos_holdout_fold4,xgb,3,6902,1726,0.2854426041103674,0.19540229885057472,0.09599658846855164
prott5,dms_KmCO2_logfit,pos_holdout,pos_holdout_fold4,xgb,4,6902,1726,0.27571291799700365,0.1839080459770115,0.08373996615409851
prott5,dms_KmCO2_logfit,pos_holdout,pos_holdout_fold5,xgb,0,6903,1725,0.2194450724781848,0.12643678160919541,0.058293551206588745
prott5,dms_KmCO2_logfit,pos_holdout,pos_holdout_fold5,xgb,1,6903,1725,0.24664951240333197,0.16091954022988506,0.07367250323295593
prott5,dms_KmCO2_logfit,pos_holdout,pos_holdout_fold5,xgb,2,6903,1725,0.2404000692467106,0.1724137931034483,0.06383246183395386
prott5,dms_KmCO2_logfit,pos_holdout,pos_holdout_fold5,xgb,3,6903,1725,0.24205617376388955,0.11494252873563218,0.04433941841125488
prott5,dms_KmCO2_logfit,pos_holdout,pos_holdout_fold5,xgb,4,6903,1725,0.23579747511344062,0.1839080459770115,0.0622810423374176
prott5,dms_VmaxRatio_logfit,within_position,within_seed0,xgb,0,6902,1726,0.8329058886970138,0.28735632183908044,0.41628026962280273
prott5,dms_VmaxRatio_logfit,within_position,within_seed0,xgb,1,6902,1726,0.8312526761947041,0.28735632183908044,0.402321457862854
prott5,dms_VmaxRatio_logfit,within_position,within_seed0,xgb,2,6902,1726,0.8351475992733529,0.22988505747126436,0.40698397159576416
prott5,dms_VmaxRatio_logfit,within_position,within_seed0,xgb,3,6902,1726,0.8358614877798494,0.26436781609195403,0.40409713983535767
prott5,dms_VmaxRatio_logfit,within_position,within_seed0,xgb,4,6902,1726,0.8317179889589201,0.25287356321839083,0.4013146162033081
prott5,dms_VmaxRatio_logfit,within_position,within_seed1,xgb,0,6902,1726,0.8289275994720506,0.2413793103448276,0.38870859146118164
prott5,dms_VmaxRatio_logfit,within_position,within_seed1,xgb,1,6902,1726,0.8306711694315073,0.22988505747126436,0.39150911569595337
prott5,dms_VmaxRatio_logfit,within_position,within_seed1,xgb,2,6902,1726,0.8334239646175319,0.25287356321839083,0.3857976198196411
prott5,dms_VmaxRatio_logfit,within_position,within_seed1,xgb,3,6902,1726,0.8345112004636227,0.25287356321839083,0.40081530809402466
prott5,dms_VmaxRatio_logfit,within_position,within_seed1,xgb,4,6902,1726,0.829402196677213,0.26436781609195403,0.39483630657196045
prott5,dms_VmaxRatio_logfit,within_position,within_seed2,xgb,0,6902,1726,0.839557294516273,0.3448275862068966,0.43419456481933594
prott5,dms_VmaxRatio_logfit,within_position,within_seed2,xgb,1,6902,1726,0.8331493784635372,0.3448275862068966,0.4247363209724426
prott5,dms_VmaxRatio_logfit,within_position,within_seed2,xgb,2,6902,1726,0.8356831927024718,0.3448275862068966,0.43029510974884033
prott5,dms_VmaxRatio_logfit,within_position,within_seed2,xgb,3,6902,1726,0.834926867508053,0.2988505747126437,0.4257139563560486
prott5,dms_VmaxRatio_logfit,within_position,within_seed2,xgb,4,6902,1726,0.8357813746245066,0.3448275862068966,0.432969868183136
prott5,dms_VmaxRatio_logfit,pos_holdout,pos_holdout_fold1,xgb,0,6903,1725,0.7120493928697631,0.22988505747126436,0.36558425426483154
prott5,dms_VmaxRatio_logfit,pos_holdout,pos_holdout_fold1,xgb,1,6903,1725,0.7107190681758647,0.21839080459770116,0.3698846697807312
prott5,dms_VmaxRatio_logfit,pos_holdout,pos_holdout_fold1,xgb,2,6903,1725,0.7055564453620192,0.25287356321839083,0.37478917837142944
prott5,dms_VmaxRatio_logfit,pos_holdout,pos_holdout_fold1,xgb,3,6903,1725,0.7099419456806079,0.20689655172413793,0.3690306544303894
prott5,dms_VmaxRatio_logfit,pos_holdout,pos_holdout_fold1,xgb,4,6903,1725,0.7074606036597191,0.1839080459770115,0.3694542646408081
prott5,dms_VmaxRatio_logfit,pos_holdout,pos_holdout_fold2,xgb,0,6902,1726,0.6783774124635207,0.20689655172413793,0.358093798160553
prott5,dms_VmaxRatio_logfit,pos_holdout,pos_holdout_fold2,xgb,1,6902,1726,0.6757983738429545,0.19540229885057472,0.3542333245277405
prott5,dms_VmaxRatio_logfit,pos_holdout,pos_holdout_fold2,xgb,2,6902,1726,0.6803190877459505,0.19540229885057472,0.35458022356033325
prott5,dms_VmaxRatio_logfit,pos_holdout,pos_holdout_fold2,xgb,3,6902,1726,0.6814239295914031,0.19540229885057472,0.35189318656921387
prott5,dms_VmaxRatio_logfit,pos_holdout,pos_holdout_fold2,xgb,4,6902,1726,0.676832009873736,0.21839080459770116,0.33426445722579956
prott5,dms_VmaxRatio_logfit,pos_holdout,pos_holdout_fold3,xgb,0,6902,1726,0.6750658780539255,0.19540229885057472,0.35728079080581665
prott5,dms_VmaxRatio_logfit,pos_holdout,pos_holdout_fold3,xgb,1,6902,1726,0.6783865748648971,0.1839080459770115,0.3517301678657532
prott5,dms_VmaxRatio_logfit,pos_holdout,pos_holdout_fold3,xgb,2,6902,1726,0.6864693905109811,0.2413793103448276,0.3759458661079407
prott5,dms_VmaxRatio_logfit,pos_holdout,pos_holdout_fold3,xgb,3,6902,1726,0.6810163590930869,0.19540229885057472,0.3727225661277771
prott5,dms_VmaxRatio_logfit,pos_holdout,pos_holdout_fold3,xgb,4,6902,1726,0.6799014563428116,0.19540229885057472,0.3634253144264221
prott5,dms_VmaxRatio_logfit,pos_holdout,pos_holdout_fold4,xgb,0,6902,1726,0.6760085443010189,0.2413793103448276,0.3167663812637329
prott5,dms_VmaxRatio_logfit,pos_holdout,pos_holdout_fold4,xgb,1,6902,1726,0.6696601880386847,0.25287356321839083,0.30900120735168457
prott5,dms_VmaxRatio_logfit,pos_holdout,pos_holdout_fold4,xgb,2,6902,1726,0.6699207166976919,0.21839080459770116,0.3250240087509155
prott5,dms_VmaxRatio_logfit,pos_holdout,pos_holdout_fold4,xgb,3,6902,1726,0.6676422916587113,0.21839080459770116,0.29944491386413574
prott5,dms_VmaxRatio_logfit,pos_holdout,pos_holdout_fold4,xgb,4,6902,1726,0.6727607647349534,0.19540229885057472,0.3085164427757263
prott5,dms_VmaxRatio_logfit,pos_holdout,pos_holdout_fold5,xgb,0,6903,1725,0.6892844035110094,0.12643678160919541,0.36293715238571167
prott5,dms_VmaxRatio_logfit,pos_holdout,pos_holdout_fold5,xgb,1,6903,1725,0.6870709564871391,0.1724137931034483,0.3711737394332886
prott5,dms_VmaxRatio_logfit,pos_holdout,pos_holdout_fold5,xgb,2,6903,1725,0.686958756710613,0.1724137931034483,0.3667060136795044
prott5,dms_VmaxRatio_logfit,pos_holdout,pos_holdout_fold5,xgb,3,6903,1725,0.6918151136205967,0.1839080459770115,0.34581470489501953
prott5,dms_VmaxRatio_logfit,pos_holdout,pos_holdout_fold5,xgb,4,6903,1725,0.6961883473122306,0.14942528735632185,0.3497088551521301
prott5,hoff_delta_O2_minus_N2,depth_holdout,depth_holdout,xgb,0,4924,5358,0.38440593260295297,0.11940298507462686,0.7782334685325623
prott5,hoff_delta_O2_minus_N2,depth_holdout,depth_holdout,xgb,1,4924,5358,0.3854802299461634,0.13432835820895522,0.7728928923606873
prott5,hoff_delta_O2_minus_N2,depth_holdout,depth_holdout,xgb,2,4924,5358,0.3999665352955393,0.12686567164179105,0.7600534558296204
prott5,hoff_delta_O2_minus_N2,depth_holdout,depth_holdout,xgb,3,4924,5358,0.39609120299996303,0.13805970149253732,0.7974902987480164
prott5,hoff_delta_O2_minus_N2,depth_holdout,depth_holdout,xgb,4,4924,5358,0.3940720788217759,0.1417910447761194,0.7686523795127869
prott5,hoff_delta_O2_minus_N2,depth_holdout,depth_holdout,tabpfn,0,4924,5358,0.5377217151141513,0.1417910447761194,0.8654237389564514
prott5,dms_KmCO2_logfit,within_position,within_seed0,tabpfn,0,6902,1726,0.5785365800152472,0.3218390804597701,0.16222120821475983
prott5,dms_KmCO2_logfit,within_position,within_seed1,tabpfn,0,6902,1726,0.583479172792219,0.2988505747126437,0.1775326132774353
prott5,dms_KmCO2_logfit,within_position,within_seed2,tabpfn,0,6902,1726,0.5926229319725247,0.27586206896551724,0.13697659969329834
prott5,dms_KmCO2_logfit,pos_holdout,pos_holdout_fold1,tabpfn,0,6903,1725,0.37165029754907697,0.25287356321839083,0.1417272537946701
prott5,dms_KmCO2_logfit,pos_holdout,pos_holdout_fold2,tabpfn,0,6902,1726,0.31398566181036247,0.16091954022988506,0.07403993606567383
prott5,dms_KmCO2_logfit,pos_holdout,pos_holdout_fold3,tabpfn,0,6902,1726,0.3198212456565892,0.10344827586206896,0.05017957091331482
prott5,dms_KmCO2_logfit,pos_holdout,pos_holdout_fold4,tabpfn,0,6902,1726,0.35855260429911145,0.1724137931034483,0.07546254992485046
prott5,dms_KmCO2_logfit,pos_holdout,pos_holdout_fold5,tabpfn,0,6903,1725,0.28597822843208687,0.16091954022988506,0.06668829917907715
prott5,dms_VmaxRatio_logfit,within_position,within_seed0,tabpfn,0,6902,1726,0.8747747980604897,0.27586206896551724,0.42101556062698364
prott5,dms_VmaxRatio_logfit,within_position,within_seed1,tabpfn,0,6902,1726,0.8795675799766918,0.3333333333333333,0.41447681188583374
prott5,dms_VmaxRatio_logfit,within_position,within_seed2,tabpfn,0,6902,1726,0.8775567042461845,0.39080459770114945,0.44646555185317993
prott5,dms_VmaxRatio_logfit,pos_holdout,pos_holdout_fold1,tabpfn,0,6903,1725,0.707920413974697,0.26436781609195403,0.4022557735443115
prott5,dms_VmaxRatio_logfit,pos_holdout,pos_holdout_fold2,tabpfn,0,6902,1726,0.7012961466483649,0.1724137931034483,0.3471078872680664
prott5,dms_VmaxRatio_logfit,pos_holdout,pos_holdout_fold3,tabpfn,0,6902,1726,0.7104804392506099,0.20689655172413793,0.3807205557823181
prott5,dms_VmaxRatio_logfit,pos_holdout,pos_holdout_fold4,tabpfn,0,6902,1726,0.6850449194837351,0.19540229885057472,0.32192665338516235
prott5,dms_VmaxRatio_logfit,pos_holdout,pos_holdout_fold5,tabpfn,0,6903,1725,0.6943585813027568,0.19540229885057472,0.37420719861984253
